,total_calories,total_fat,total_carb,total_protein
Moyenne,255.16918760521474,12.735441559202455,19.39800395858896,18.01553755184049
Écart-type,219.6140553969803,13.526882240418093,21.60651407237203,20.045719787635747
CV,0.8606605580324078,1.0621447381731146,1.1138524416480076,1.1126906277402668
Q1,80.234392,1.848,6.2075,2.135625
Q3,375.152466,19.03891325,27.535249999999998,28.050130499999998
IQR,294.918074,17.19091325,21.327749999999998,25.914505499999997
Skewness,2.4564415656345555,1.680200604750028,17.578226445569587,1.7893433121057134
Kurtosis,25.237115719738767,3.88335066276041,652.2768304247501,4.58695187698904
